"","title","abstract","id","included_ats","included_final"
"1","manual for aseba school-age forms & profiles","",14900,0,0
"2","queensland trauma registry: a summary of paediatric injuries trea- ted in queensland 2005","",14905,0,0
"3","social class and mental illness","",14743,0,0
"4","emotional and behavioural difficulties in children referred to an early intervention program following child sexual abuse","",14914,0,0
"5","stata statistical software: release 13","",14868,0,0
"6","stress, resilience and responding to civil defence emergencies and natural disasters: an ecological approach","",13666,0,0
"7","training resilience for high-risk environments: towards a strength-based approach within the military","",13700,0,0
"8","commentaries","",13712,0,0
"9","longitudinal ethnography: uncovering domestic abuse in low-income women's lives","",13725,0,0
"10","twenty-first century public health practice: preventing mental illness and promoting mental health","",13746,0,0
"11","crisis intervention","",13749,0,0
"12","psycho-oncology in underserved and minority populations","",719,0,0
"13","prevention and treatment interventions for traumatized children: restoring children's capacities for self-regulation","",13787,0,0
"14","methodological challenges in studying the mental health consequences of disasters","",14787,0,0
"15","traumatic stress in overview: definition, context, scope, and long-term outcomes","",13802,0,0
"16","communication in military families across the deployment cycle","",13872,0,0
"17","promoting â€˜â€˜resilientâ€™â€™ posttraumatic adjustment in childhood and beyond: â€˜â€˜unpackingâ€™â€™ life events, adjustment trajectories, resources and interventions","",14913,0,0
"18","enhancing community resilience: a matter of multi-level framework, mixed methods, and multi-sectoral tools","",13890,0,0
"19","posttraumatic stress in the aftermath of mass shootings","",13900,0,0
"20","when multiple disasters strike: louisiana fishers in the aftermath of hurricanes and the british petroleum deepwater horizon oil spill","",13906,0,0
"21","combat/operational stress adaptations and injuries","",14397,0,0
"22","the experience of disaster: trauma, loss, adversities, and community effects","",14798,0,0
"23","sociological insights on the role of social capital in disaster resilience","",13975,0,0
"24","pathological modes of remembering: the ptsd experience","",13989,0,0
"25","children and young people: the neglected victims of road traffic accidents","",14920,0,0
"26","pharmacotherapy of ptsd","",918,0,0
"27","temperature, stress, disorder and crystallization effects in laser diodes: measurements and impacts","",12277,0,0
"28","acute post-rape plasma cortisol, alcohol use, and ptsd symptom profile among recent rape victims","",1877,0,0
"29","association for the advancement of automotive medicine","",14645,0,0
"30","the icd-10 classification of mental and behavioural disorders: diagnostic criteria for research","",14764,0,0
"31","","",14117,0,0
"32","diagnostic and statistical manual of mental disorders (4th ed tr.)","",14694,0,0
"33","physical health status of world trade center rescue and recovery workers and volunteers - new york city, july 2002-august 2004","",14816,0,0
"34","erratum: peripheral blood mononuclear cell gene expression profiles identify emergent post-traumatic stress disorder among trauma survivors (molecular psychiatry (february 1, 2005) 10 (500-513) doi:10.1038/sj.mp.4001636)","",10247,0,0
"35","erratum: posttraumatic stress after a motor vehicle accident: a six-month follow-up study utilizing latent growth modeling (journal of traumatic streaa (2006) 19, (923-936))","",2656,0,0
"36","wagner's migraine and other stories","",94,0,0
"37","binary partitioning for continuous longitudinal data: categorizing a prognostic variable","",14367,0,0
"38","","",14318,0,0
"39","neuropsychiatric complications in victims of boston's coconut grove disaster","",14680,0,0
"40","u.s. soldier peacekeeping experiences and wellbeing after returning from deployment to kosovo","",14240,0,0
"41","a group randomized trial of critical incident stress debriefing provided to u.s. peacekeepers","",14241,0,0
"42","combat exposure and posttraumatic stress symptomatology among u.s. soldiers deployed to the gulf war","",14448,1,0
"43","war-related trauma and symptoms of posttraumatic stress disorder among adult kosovar refugees","",14728,0,0
"44","factor analysis and aic","",14116,0,0
"45","family functioning and posttraumatic stress disorder in adolescent survivors of childhood cancer","",14845,0,0
"46","risk and resilience in canine search and rescue handlers after 9/11","",14873,0,0
"47","","",14100,0,0
"48","cross-validation of a posttraumatic stress disorder subscale and cluster-analysis of the mmpi profiles of a large sample of treatment-seeking combat veterans","",12271,0,0
"49","potentially traumatic event exposure, posttraumatic stress disorder, and axis i and ii comorbidity in a population-based study of norwegian young adults","",14647,0,0
"50","incidence of hospital-treated traumatic brain injury in the oslo population","",14634,0,0
"51","mental preparedness as a pathway to police resilience and optimal functioning in the line of duty","",13679,0,0
"52","delayed-onset posttraumatic stress disorder: a systematic review of the evidence","",14211,0,0
"53","comparison of immediate-onset and delayed-onset posttraumatic stress disorder in military veterans","",14156,0,0
"54","latent class growth modelling: a tutorial","",14805,0,0
"55","coping and emotional adjustment following traumatic brain injury","",14625,0,0
"56","psychometric properties of the 42-item and 21-item versions of the depression anxiety stress scales in clinical groups and a community sample","",14751,0,0
"57","full information estimation in the presence of incomplete data","",14242,0,0
"58","prevalence and duration of ptsd in survivors 6 years after a natural disaster","",14777,0,0
"59","traumatic bereavement, acute dissociation, and posttraumatic stress: 14 years after the ms estonia disaster","",14778,0,0
"60","properties of swedish posttraumatic stress measures after a disaster","",14779,0,0
"61","screening for substance abuse in individuals with traumatic brain injury","",14644,0,0
"62","auxiliary variables in mixture modeling: a 3-step approach using mplus","",14326,0,0
"63","comparability of telephone and face-to-face interviews in assessing patients with posttraumatic stress disorder","",14762,0,0
"64","","",14580,0,0
"65","the alcohol use disorders identification test: guidelines for use in primary care","",14243,0,0
"66","the prevalence of posttraumatic stress disorder among children and adolescents affected by tsunami disaster in tamil nadu","",14608,0,0
"67","predictors of risk and resilience for posttraumatic stress disorder among ground combat marines: methods of the marine resiliency study","",14368,0,0
"68","the injury severity score: a method for describing patients with multiple injuries and evaluating emergency care","",14646,0,0
"69","the role of social support in well-being and coping with self-reported stressful events in adolescents","",14118,0,0
"70","traumatic stress in parents of children admitted to the pediatric intensive care unit","",14846,0,0
"71","posttraumatic growth in adolescent survivors of cancer and their mothers and fathers","",14901,0,0
"72","planning for burn disasters: lessons learned from one hundred years of history","",14679,0,0
"73","a multivariate contextual analysis of torture and cruel, inhuman, and degrading treatments: implications for an evidence-based definition of torture","",12275,0,0
"74","psychiatric and cognitive effects of war in former yugoslavia association of lack of redress for trauma and posttraumatic stress reactions","",14729,0,0
"75","observations on the use of growth mixture models in psychological research","",14119,0,0
"76","overextraction of latent trajectory classes: much ado about nothing? reply to rindskopf (2003), muthã©n (2003), and cudeck and henly (2003)","",14120,0,0
"77","doing and being well (for the most part): adaptive patterns of narrative self-evaluation during bereavement","",14267,0,0
"78","association of trauma and ptsd symptoms with openness to reconciliation and feelings of revenge among former ugandan and congolese child soldiers","",14730,0,0
"79","coping responses and posttraumatic stress symptomatology in urban fire service personnel","",14806,0,0
"80","social support and network conflict in firefighters and paramedics","",14807,0,0
"81","the abc profile of the ham-d 17","",942,0,0
"82","an inventory for measuring clinical anxiety: psychometric properties","",14369,0,0
"83","","",14157,0,0
"84","","",14102,0,0
"85","disasters, victimization, and children's mental health","",14602,0,0
"86","atrocities exposure in vietnam combat veterans with chronic posttraumatic stress disorder: relationship to combat exposure, symptom severity, guilt, and interpersonal violence","",14158,0,0
"87","","",14534,0,0
"88","rescuers at risk: a systematic review and meta-regression analysis of the worldwide current prevalence and correlates of ptsd in rescue workers","",14874,0,0
"89","","",14780,0,0
"90","initial reliability and validity of a new retrospective measure of child abuse and neglect","",14370,0,0
"91","development, reliability, and validity of a dissociation scale","",14268,0,0
"92","attending to the mental health of war-affected children: the need for longitudinal and developmental research perspectives","",14564,0,0
"93","response","",311,0,0
"94","mental health of workers and volunteers responding to events of 9/11: review of the literature","",14808,0,0
"95","systematic review and meta-analysis of multiple-session early interventions following traumatic events","",14723,0,0
"96","the validity of the hospital anxiety and depression scale: an updated literature review","",14641,0,0
"97","","",14760,0,0
"98","the development of a clinician-administered ptsd scale","",14371,0,0
"99","one-year prospective follow-up of motor vehicle accident victims","",14121,0,0
"100","short-term follow-up of post-traumatic stress symptoms in motor vehicle accident victims","",14372,0,0
"101","psychometric properties of the ptsd checklist (pcl)","",14103,0,0
"102","mental health and resiliency following 44 months of terrorism: a survey of an israeli national representative sample","",14731,0,0
"103","validating the primary care posttraumatic stress disorder screen and the posttraumatic stress disorder checklist with soldiers returning from combat","",14244,0,0
"104","diagnostic criteria for postconcussional syndrome after mild to moderate traumatic brain injury","",14650,0,0
"105","resilience and other stability concepts in ecology: notes on their origin, validity, and usefulness","",14428,0,0
"106","mental health outcomes and predictors of chronic disorders after the north sea oil rig disaster: 27-year longitudinal follow-up study","",14781,0,0
"107","ptsd symptoms in children and adolescents 28 months after a flood: age and gender differences","",14603,0,0
"108","rates of major depressive disorder and clinical outcomes following traumatic brain injury","",14626,0,0
"109","loss, trauma, and human resilience: have we underestimated the human capacity to thrive after extremely aversive events?","",14093,0,0
"110","resilience in the face of potential trauma","",14212,0,0
"111","uses and abuses of the resilience construct: loss, trauma, and health-related adversities","",13701,0,0
"112","resilience and variability following oil spill disasters","",13702,1,0
"113","psychological resilience after disaster: new york city in the aftermath of the september 11th terrorist attack","",14213,0,0
"114","what predicts psychological resilience after disaster? the role of demographics, resources, and life stress","",14245,0,0
"115","resilience to loss and chronic grief: a prospective study from preloss to 18-months postloss","",14183,0,0
"116","self-enhancement among high-exposure survivors of the september 11th terrorist attack: resilience or social maladjustment?","",14214,0,0
"117","","",14732,0,0
"118","is youth victimization related to trauma symptoms and depression after controlling for prior symptoms and family relationships? a longitudinal, prospective study","",14604,1,0
"119","","",14215,0,0
"120","","",14364,0,0
"121","association of fkbp5, comt and chrna5 polymorphisms with ptsd among outpatients at risk for ptsd","",932,0,0
"122","ptsd symptoms, life events, and unit cohesion in u.s. soldiers: baseline findings from the neurocognition deployment health study","",14373,0,0
"123","structural equation model trees","",14374,0,0
"124","substance use and mental health trends among u.s. military active duty personnel: key findings from the 2008 dod health behavior survey","",14824,0,0
"125","trauma-related dissociative states and long-term psychopathology in posttraumatic stress disorder","",14269,0,0
"126","dissociation and posttraumatic stress disorder in vietnam combat veterans","",14270,0,0
"127","childhood physical abuse and combat-related posttraumatic stress disorder in vietnam veterans","",14159,0,0
"128","commentary: developmental trauma disorder: a missed opportunity in dsm v","",270,0,0
"129","posttraumatic stress disorder","",14449,0,0
"130","outcomes of posttraumatic stress disorder","",14782,0,0
"131","epidemiologic studies of trauma, posttraumatic stress disorder, and other psychiatric disorders","",14096,0,0
"132","a second look at comorbidity in victims of trauma: the posttraumatic stress disorder-major depression connection","",14216,0,0
"133","trauma and posttraumatic stress disorder in the community: the 1996 detroit area survey of trauma","",14246,0,0
"134","a second look at prior trauma and the posttraumatic stress disorder effects of subsequent trauma: a prospective epidemiological study","",14160,0,0
"135","reformulating ptsd for dsm-v: life after criterion a","",14618,0,0
"136","stress and health during medical humanitarian assistance missions","",14247,0,0
"137","the gã¶teborg discotheque fire: posttraumatic stress, and school adjustment as reported by the primary victims 18 months later","",14681,0,0
"138","de schokverwerkingslijst","",14695,0,0
"139","","",14605,0,0
"140","psychometric properties of the depression anxiety stress scales (dass) in clinical samples","",14752,0,0
"141","a systematic and conceptual review of posttraumatic stress in childhood cancer survivors and their parents","",14902,0,0
"142","the list of threatening experiences: a subset of 12 life event categories with considerable long-term contextual threat","",14767,0,0
"143","post-traumatic stress disorder vs traumatic brain injury","",14628,0,0
"144","early predictors of posttraumatic stress disorder","",14769,0,0
"145","predicting posttraumatic stress disorder from acute reactions","",14903,0,0
"146","disentangling mild traumatic brain injury and stress reactions","",14771,0,0
"147","response to fergusson and boden: the psychological impact of major disasters","",13717,0,0
"148","a multisite study of initial respiration rate and heart rate as predictors of posttraumatic stress disorder","",14707,0,0
"149","assessing acute stress disorder: psychometric properties of a structured clinical interview","",14122,0,0
"150","acute psychophysiological arousal and posttraumatic stress disorder: a two-year prospective study","",14248,0,0
"151","treatment of acute stress disorder: a randomized controlled trial","",14711,0,0
"152","acute stress disorder scale: a self-report measure of acute stress disorder","",14123,0,0
"153","mental health status of world trade center rescue and recovery workers and volunteers-new york city, july 2002-august 2004","",14499,1,0
"154","the psychiatric sequelae of traumatic injury","",14623,0,0
"155","a prospective examination of delayed onset ptsd secondary to motor vehicle accidents","",14217,0,0
"156","out of sight, not out of mind: strategies for handling missing data","",14249,0,0
"157","relationship between posttraumatic stress disorder symptoms and the course of whiplash complaints","",14660,0,0
"158","correspondence: gaza","",13722,0,0
"159","gaza","",13723,0,0
"160","individual differences in fear: isolating fear reactivity and fear recovery phenotypes","",14724,0,0
"161","recruitment and attrition issues in military clinical trials and health research studies","",14825,0,0
"162","psychological resilience in the face of terrorism","",14429,0,0
"163","social support and stress: the role of social comparison and social exchange processes","",14124,0,0
"164","posttraumatic stress disorder in parents of children with chronic illnesses: a meta-analysis","",14847,0,0
"165","childhood adversity and combat as predictors of depression and post-traumatic stress in deployed troops","",14375,0,0
"166","ptsd comorbidity and suicidal ideation associated with ptsd within the ohio army national guard","",14826,0,0
"167","legislative change is associated with improved health status in people with whiplash","",14661,0,0
"168","the effect of compensation claims on outcomes after injury","",14662,0,0
"169","prevalence of depression-ptsd comorbidity: implications for clinical practice guidelines and primary care-based interventions","",14827,0,0
"170","improving mental health is key to reduce violence in israel and gaza","",13727,0,0
"171","post-traumatic stress disorder in vietnam combat veterans: an interpersonal profile using the structural analysis of social behavior model","",12272,0,0
"172","introduction to a special issue on research with youth exposed to disasters and violence","",13731,0,0
"173","methodological issues and research recommendations for mild traumatic brain injury: the who collaborating centre task force on mild traumatic brain injury","",14759,0,0
"174","course and prognostic factors for neck pain in whiplash-associated disorders (wad): results of the bone and joint decade 2000-2010 task force on neck pain and its associated disorders","",14663,0,0
"175","you want to measure coping but your protocol' too long: consider the brief cope","",14376,0,0
"176","effect of eliminating compensation for pain and suffering on the outcome of insurance claims for whiplash injury","",14664,0,0
"177","soldier dimensions and operational readiness in u.s. army forces deployed to kosovo","",14250,0,0
"178","the course of posttraumatic stress symptoms and functional impairment following a disaster","",14536,1,0
"179","epidemiologic research on interpersonal violence and common psychiatric disorders: where do we go from here?","",13739,0,0
"180","do people turn to religion in times of stress? an examination of change in religiousness among elderly, medically iii patients","",14733,0,0
"181","the millennium cohort study: a 21-year prospective cohort study of 140,000 military personnel","",14188,0,0
"182","clinical efficacy of a phaseolus vulgaris and cynara scolymus mixture on satiety","",776,0,0
"183","conceptual and methodological issues in developmental psychopathology research","",14125,0,0
"184","emergency workers quality of life: the protective role of sense of community, efficacy beliefs, and coping strategies","",14875,0,0
"185","lifetime trauma exposure in veterans with military-related posttraumatic stress disorder: association with current symptomatology","",14115,0,0
"186","the aging veteran of world war ii: psychiatric and life course insights","",14126,0,0
"187","screening for ptsd in motor accident survivors using the pss-sr and ies","",14904,0,0
"188","mental health among reserve component military service members and veterans","",14828,0,0
"189","","",14722,0,0
"190","transforming trajectories for traumatized children","",267,0,0
"191","does repressive coping promote resilience? affective-autonomic response discrepancy during bereavement","",14271,0,0
"192","too tired to care? the psychological effects of working with trauma","",14876,0,0
"193","predictors of long-term prognosis of depression","",14809,0,0
"194","practical assessment and evaluation of mental health problems following a mass disaster","",14784,0,0
"195","a computerized, self-administered questionnaire to evaluate posttraumatic stress among firefighters after the world trade center collapse","",14810,0,0
"196","","",14101,0,0
"197","initial patterns of clinical care and recovery from whiplash injuries: a population-based cohort study","",14665,0,0
"198","ptsd, depression, and their comorbidity in relation to suicidality: cross-sectional and prospective analyses of a national probability sample of women","",14785,0,0
"199","eye movement desensitization and reprocessing in posttraumatic stress disorder: a pilot study using assessment measures","",12276,0,0
"200","psychometric properties of the impact of event scale-revised","",14877,0,0
"201","attachment and psychopathology","",14578,0,0
"202","a realistic perspective on pattern representation in growth data: comment on bauer and curran (2003)","",14127,0,0
"203","the use of latent trajectory models in psychopathology research","",14218,0,0
"204","burnout in crisis line volunteers","",14878,0,0
"205","how many latent classes of deliquent/criminal careers? results from mixed poisson regression analyses of the london, philadelphia, and racine cohorts studies","",14849,0,0
"206","cognitive approaches to posttraumatic stress disorder: the evolution of multirepresentational the- orizing","",14848,0,0
"207","","",14744,0,0
"208","lifetime events and posttraumatic stress disorder in 4 postconflict settings","",14745,0,0
"209","maternal factors associated with sexually abused childrenâ€™s psychosocial adjustment","",14906,0,0
"210","association of trauma exposure with psychiatric morbidity in military veterans who have served since september 11, 2001","",14377,0,0
"211","up close and personal: temporal variability in the drinking of individual college students during their first year","",14272,0,0
"212","a general propensity to psychological distress affects cardiovascular outcomes: evidence from research on the type d (distressed) personality profile","",2837,0,0
"213","","",14220,0,0
"214","differences in patterns of depression after treatment for breast cancer","",14219,0,0
"215","a systematic review on the mental health of children and adolescents in areas of armed conflict in the middle east. child: care","",14579,0,0
"216","risk factors for psychological and physical health problems after a man-made disaster: prospective study","",14685,0,0
"217","investigating subtypes of child development: a comparison of cluster analysis and latent class cluster analysis in typology creation","",14128,0,0
"218","alcohol use motives among traumatic event-exposed, treatment-seeking adolescents: associations with posttraumatic stress","",14203,0,0
"219","the psychological risks of vietnam for u.s. veterans: a revisit with new data and methods","",14378,0,0
"220","stressful life events: their nature and effects","",14094,0,0
"221","similarity of prior trauma exposure as a determinant of chronic stress responding to an airline disaster","",14196,0,0
"222","","",14446,0,0
"223","psychometric properties of the dissociative experiences scale","",14273,0,0
"224","longitudinal mental health screening results among postdeployed u.s. soldiers preparing to deploy again","",14829,0,0
"225","","",14182,0,0
"226","a prospec- tive investigation of the role of cognitive factors in persis- tent posttraumatic stress disorder (ptsd) after physical or sexual assault","",14850,0,0
"227","factor analysis of the impact of event scale with children in war","",14907,0,0
"228","center for epidemiologic studies depression scale","",14221,0,0
"229","resilience as process","",14421,0,0
"230","a cognitive model of posttraumatic stress disorder","",14129,0,0
"231","cognitive therapy for post-traumatic stress disorder: development and evaluation","",14851,0,0
"232","psychological predictors of chronic posttraumatic stress disorder after motor vehicle accidents","",14450,0,0
"233","the performance of the full information maximum likelihood estimator in multiple regression models with missing data","",14222,0,0
"234","the impact of nonnormality on full information maximum-likelihood estimation for structural equation models with missing data","",14274,0,0
"235","multidimensional assessment of coping: a critical evaluation","",14638,0,0
"236","posttraumatic stress disorder symptoms and precombat sexual and physical abuse in desert storm veterans","",14113,0,0
"237","the relationship between neuroticism, pre-traumatic stress and post-traumatic stress: a prospective study","",14879,0,0
"238","deployment-related stress and trauma in dutch soldiers returning from iraq: prospective study","",14161,0,0
"239","a prospective study of the relation between posttraumatic stress and physical health symptoms","",14180,0,0
"240","posttraumatic stress disorder following an air disaster: a prospective study","",14880,0,0
"241","a chinese herbal mixture for post-traumatic stress?","",590,0,0
"242","breaking bad: two decades of life-course data analysis in criminology, developmental psychology, and beyond","",14379,0,0
"243","burn rehabilitation: state of the science","",14683,0,0
"244","detecting alcoholism: the cage questionnaire","",14643,0,0
"245","parenting stress and parental post-traumatic stress disorder in families after pediatric heart transplantation","",14908,0,0
"246","","",14307,0,0
"247","what are the consequences of deployment to iraq and afghanistan on the mental health of the uk armed forces? a cohort study","",14162,0,0
"248","exploring the roles of emotional numbing, depression, and dissociation in ptsd","",14223,0,0
"249","anxiety sensitivity as a moderator of the relation between trauma exposure frequency and posttraumatic stress symptomatology","",14251,0,0
"250","","",14295,0,0
"251","","",14719,0,0
"252","","",14108,0,0
"253","development of a screening instrument for exposure to violence in children: the kid-save","",14606,0,0
"254","mental health services in large scale disasters: an overview of the crisis counseling program","",14432,0,0
"255","can we influence the trajectory of psychological consequences to terrorism?","",10358,1,0
"256","","",14224,0,0
"257","trauma and women: course, predictors, and treatment","",14619,0,0
"258","prolonged exposure therapy: past, present, and future","",14716,0,0
"259","the validation of a self-report measure of posttraumatic stress disorder: the posttraumatic diagnostic scale","",14583,0,0
"260","the posttraumatic cognitions inventory (ptci): development and validation","",14852,0,0
"261","","",14715,0,0
"262","emotional processing of fear. exposure to corrective information","",14130,0,0
"263","cognitive changes during prolonged exposure versus prolonged exposure plus cognitive restructuring in female assault survivors with posttraumatic stress disorder","",14717,0,0
"264","reliability and validity of a brief instrument for assessing post-traumatic stress disorder","",14734,0,0
"265","comparison of the ptsd symptom scale-interview version and the clinician-administered ptsd scale","",14720,0,0
"266","psychological and health problems in a geographically proximate population time-sampled continuously for three months after the september 11th, 2001 terrorist incidents","",14786,0,0
"267","factor structure of the state-trait anger expression inventory for middle-aged men and women","",14225,0,0
"268","coping strategies as mediators of the relations among perceived control and distress in sexual assault survivors","",14753,0,0
"269","selected foci in the spectrum of posttraumatic stress disorders","",14348,0,0
"270","predictors of chronic post-traumatic stress disorder. a prospective study","",14252,0,0
"271","the prm test (memory profile). results in a situation of posttraumatic examination","",10975,0,0
"272","","",14163,0,0
"273","posttraumatic stress disorder","",14576,0,0
"274","improving our understanding of posttraumatic trajectories","",12508,1,0
"275","","",14226,0,0
"276","documented combat exposure of us veterans seeking treatment for combat-related post-traumatic stress disorder","",14200,0,0
"277","symptom overreporting in combat veterans evaluated for ptsd: differentiation on the basis of compensation seeking status","",14131,0,0
"278","perceived safety in disaster workers following 9/11","",14811,0,0
"279","acute stress disorder, posttraumatic stress disorder and depression in disaster or rescue workers","",14881,0,0
"280","the relationship between compensable status and long-term patient outcomes following orthopaedic trauma","",14666,0,0
"281","empirical characterization of heterogeneous posttraumatic stress responses is necessary to improve the science of posttraumatic stress","",12514,1,0
"282","erratum: early ptsd symptom trajectories: persistence, recovery, and response to treatment: results from the jerusalem trauma outreach and prevention study (j-tops) (plos one (2013) 8 (8))","",402,1,0
"283","heterogeneity in rodents' fear extinction learning: implications for translational models of stress responses","",14725,1,0
"284","psychological sequelae of the september 11 terrorist attacks in new york city","",14735,0,0
"285","the epidemiology of post-traumatic stress disorder after disasters","",14420,0,0
"286","trends of probable post-traumatic stress disorder in new york city after the september 11 terrorist attacks","",14132,0,0
"287","revised combat scale","",14451,0,0
"288","the study of competence in children at risk for severe psychopathology","",14425,0,0
"289","does comorbid posttraumatic stress disorder affect the severity and course of psychotic major depressive disorder?","",14831,0,0
"290","interpersonal conflict and referrals to counseling among married soldiers following return from deployment","",14830,0,0
"291","is trauma a causal agent of psychopathologic symptoms in posttraumatic stress disorder? findings from identical twins discordant for combat exposure","",14788,0,0
"292","patterns of recovery from trauma: the use of intraindividual analysis","",14754,0,0
"293","diagnostic and statistical manual of mental disorders, fifth edition, and the impact of events scale-revised","",313,0,0
"294","compensation-seeking and extreme exaggeration of psychopathology among combat veterans evaluated for posttraumatic stress disorder","",14133,0,0
"295","the detection of psychiatric illness by questionnaire","",14296,0,0
"296","the validity of two versions of the ghq in the who study of mental illness in general health care","",14789,0,0
"297","","",14227,0,0
"298","adding missing-data-relevant variables to fiml-based structural equation models","",14164,0,0
"299","psychometric properties of the life events checklist","",14253,0,0
"300","commentary: key issues, concluding thoughts, and future directions for the study of trauma and child health","",13814,0,0
"301","risk factors for ptsd and other diagnoses in a general sample of vietnam veterans","",14380,0,0
"302","chronic posttraumatic stress disorder and diagnostic comorbidity in a disaster sample","",14790,0,0
"303","brief report: pediatric cancer, parental coping style, and risk for depressive, posttraumatic stress, and anxiety symptoms","",14909,0,0
"304","symptoms of post-traumatic stress: intrusion and avoidance 6 and 12 months after tbi","",14624,0,0
"305","posttraumatic stress disorder, alcohol use, and perceived safety after the terrorist attack on the pentagon","",14812,0,0
"306","a second-order growth mixture model for developmental research","",14381,0,0
"307","viewing suicide risk through a new lens: the benefits of examining symptom trajectories","",12551,0,0
"308","","",14228,0,0
"309","posttraumatic stress symptoms in parents of children with acute burns","",14910,0,0
"310","discriminant analysis of posttraumatic stress disorder in u.s. military chaplains","",12273,0,0
"311","volunteers and professional rescue workers: traumatization and adaptation after an avalanche disaster","",14882,1,0
"312","resolution of stressful experiences as an indicator of coping effectiveness in young adults: an event history analysis","",14254,0,0
"313","development of the world health organization whoqol-bref quality of life assessment","",14765,0,0
"314","","",14335,0,0
"315","development and validation of the screen for adolescent violence exposure (save)","",14607,0,0
"316","distribution of traumatic and other stressful life events by race/ethnicity, gender, ses and age: a review of the research","",14736,0,0
"317","interpreting the whoqol-brã¨f: preliminary population norms and effect sizes","",14766,0,0
"318","problems in statistical analysis of attrition in randomized controlled clinical trials of antidepressant for geriatric depression","",14275,0,0
"319","assessment of ptsd symptoms in a community exposed to serial murder","",14452,0,0
"320","effects of attribution of responsibility for motor vehicle accidents on severity of ptsd symptoms, ways of coping, and recovery over six months","",14700,0,0
"321","conservation of resources: a new attempt at conceptualizing stress","",14737,0,0
"322","","",14738,0,0
"323","","",14741,0,0
"324","the association of exposure, risk, and resiliency factors with ptsd among jews and arabs exposed to repeated acts of terrorism in israel","",14739,0,0
"325","","",14740,0,0
"326","resource conservation as a strategy for community psychology","",14742,0,0
"327","expanding the science of resilience: conserving resources in the aid of adaptation","",13830,0,0
"328","the impact of resource loss and traumatic growth on probable ptsd and depression following terrorist attacks","",14775,0,0
"329","a randomised controlled trial of a cognitive-behavioural therapy program for managing social anxiety after acquired brain injury","",14658,0,0
"330","risk factors for psychological maladjustment of parents of children with cancer","",14911,0,0
"331","mental health problems, use of mental health services, and attrition from military service after returning from deployment to iraq or afghanistan","",14178,0,0
"332","combat duty in iraq and afghanistan, mental health problems, and barriers to care","",14166,0,0
"333","commentary: women in combat and the risk of post-traumatic stress disorder and depression","",13834,0,0
"334","perceived threat to life predicts posttraumatic stress disorder after major trauma: risk factors and functional outcome","",14814,0,0
"335","","",14315,0,0
"336","the north sea oil rig disaster","",14305,0,0
"337","","",14316,0,0
"338","long-term perspectives on posttraumatic growth in disaster survivors","",14690,0,0
"339","the social readjustment rating scale","",14191,0,0
"340","an intergenerational perspective on risk and protective factors in multi-problem poor familes living in cape town","",13835,0,0
"341","impact of event scale: a measure of subjective stress","",14693,0,0
"342","","",14167,0,0
"343","a cognitive behaviour therapy (cbt) programme for anxiety following moderatesevere traumatic brain injury (tbi): two case studies","",14657,0,0
"344","going to war does not have to hurt: preliminary findings from the british deployment to iraq","",14168,0,0
"345","re: ""chronic multisymptom illness complex in gulf war i veterans 10 years later"" [5]","",10058,0,0
"346","nonresponse to a population-based postdisaster postal questionnaire study","",14791,0,0
"347","psychiatric disorders and functional impairment among disaster victims after exposure to a natural disaster: a population based study","",14792,0,0
"348","value of volunteers report","",14883,0,0
"349","volunteering in emergencies","",14884,0,0
"350","risk factors for post-traumatic stress disorder among uk armed forces personnel","",14382,0,0
"351","influence of childhood adversity on health among male uk military personnel","",14169,0,0
"352","alcohol use and alcohol-related problems before and after military combat deployment","",14192,0,0
"353","five-year outcome after mild head injury: a prospective controlled study","",14651,0,0
"354","l'automatisme psychologique","",14277,0,0
"355","the major symptoms of hysteria","",14278,0,0
"356","","",14229,0,0
"357","prolonged grief among traumatically bereaved relatives exposed and not exposed to a tsunami","",14793,0,0
"358","impact of exposure to trauma on posttraumatic stress disorder symptomatology in swedish tourist tsunami survivors","",14794,0,0
"359","prevalence and predictors of post-traumatic stress disorder (ptsd) in physically injured victims of non-domestic violence: a longitudinal study","",14885,0,0
"360","family satisfaction predicts life satisfaction trajectories over the first 5 years after traumatic brain injury","",14630,0,0
"361","the epidemiology of posttraumatic stress disorder","",13853,0,0
"362","","",14337,0,0
"363","history and use of relative importance indices in organizational research","",14383,0,0
"364","advances in group-based trajectory modeling and an sas procedure for estimating them","",14667,0,0
"365","what's new on the post-icu burden for patients and relatives?","",376,0,0
"366","psychological impact of fire disaster on children and their parents","",14584,1,0
"367","psychometric evaluation of horowitz's impact of event scale: a review","",14703,0,0
"368","crisis support and psychiatric symptomatology in adult survivors of the jupiter cruise ship disaster","",14134,0,0
"369","crisis support, attributional style, coping style, and post-traumatic symptoms","",14637,0,0
"370","an introduction to latent class growth analysis and growth mixture modeling","",14230,0,0
"371","late-life adaptation in the aftermath of extreme stress","",14135,0,0
"372","trauma and bereavement: examining the impact of sudden and violent deaths","",14279,0,0
"373","course and prognostic factors of whiplash: a systematic review and meta-analysis","",14668,0,0
"374","mental health care needs among recent war veterans","",14201,0,0
"375","is it time to act? the potential of acceptance and commitment therapy for psychological problems following acquired brain injury","",14656,0,0
"376","longitudinal linkages between perceived social support and posttraumatic stress symptoms: sequential roles of social causation and social selection","",14136,0,0
"377","negative self-appraisals in treatment-seeking sur- vivors of motor vehicle accidents","",14853,0,0
"378","diagnostic accuracy of the posttraumatic stress disorder checklist: civilian version in a representative military sample","",14109,0,0
"379","introduction to the special issue: posttraumatic stress related to pediatric illness and injury","",14912,0,0
"380","acute stress disorder and posttraumatic stress disorder in parents of injured children","",14854,0,0
"381","psychological effects of military service in vietnam: a meta-analysis","",14453,0,0
"382","duration of exposure and the dose-response model of ptsd","",14689,0,0
"383","posttraumatic stress disorder (ptsd) and posttraumatic stress symptoms (ptss) in families of adolescent childhood cancer survivors","",14855,0,0
"384","mississippi scale for combat-related posttraumatic stress disorder: three studies in reliability and validity","",14454,0,0
"385","clinical evaluation of a measure to assess combat exposure","",14107,0,0
"386","social support in vietnam veterans with posttraumatic stress disorder. a comparative analysis","",14137,0,0
"387","posttraumatic stress disorder in children and adolescents","",3326,0,0
"388","predicting posttraumatic stress symptoms in children following hurricane katrina: a prospective analysis of the effect of parental distress and parenting practices","",14585,0,0
"389","posttraumatic stress disorder: the burden to the individual and to society","",14704,0,0
"390","short screening scales to monitor population prevalences and trends in non-specific psychological distress","",14721,0,0
"391","lifetime prevalence and age-of-onset distributions of dsm-iv disorders in the national comorbidity survey replication","",14648,0,0
"392","posttraumatic stress disorder in the national comorbidity survey","",14138,0,0
"393","epidemiological risk factors for trauma and ptsd","",14455,0,0
"394","the impact of hurricane andrew on deviant behavior among a multi-racial/ethnic sample of adolescents in dade county, florida: a longitudinal analysis","",14609,0,0
"395","dissociative tendencies and dissociative disorders","",14281,0,0
"396","the posttraumatic stress disorder field trial: evaluation of the ptsd construct - criteria a through e","",14423,0,0
"397","the missing link in resilience research","",13866,0,0
"398","posttraumatic stress disorder and retrospectively reported stressor exposure: a longitudinal prediction model","",14255,0,0
"399","posttraumatic stress disorder in a national sample of female and male vietnam veterans: risk factors, war-zone stressors, and resilience-recovery variables","",14384,0,0
"400","deployment risk and resilience inventory: a collection of measures for studying deployment-related experiences of military personnel and veterans","",14385,0,0
"401","reduced autobiographical memory specificity predicts depression and posttraumatic stress disorder after recent trauma","",14857,0,0
"402","early predic- tors of chronic post-traumatic stress disorder in assault survivors","",14856,0,0
"403","","",14586,0,0
"404","tropical cyclone report: hurricane katrina (23-30 august 2005)","",14610,0,0
"405","posttraumatic stress disorder associated with combat service in iraq or afghanistan: reconciling prevalence differences between studies","",14832,0,0
"406","acute stress response and posttraumatic stress disorder in traffic accident victims: a one-year prospective, follow-up study","",14139,0,0
"407","long term course of chronic posttraumatic stress disorder in traffic accident victims: a three-year prospective follow-up study","",14706,0,0
"408","the children's depression, inventory (cdi)","",14319,0,0
"409","longitudinal modeling of population heterogeneity: methodological challenges to the analysis of empirically derived criminal trajectory profiles","",14170,0,0
"410","consistency of retrospective reporting about exposure to traumatic events","",14256,0,0
"411","the phq-9: validity of a brief depression severity measure","",14746,0,0
"412","development and preliminary validation of a brief broad-spectrum measure of trauma exposure: the traumatic life events questionnaire","",14104,0,0
"413","heart rate of motor vehicle accident survivors in the emergency department, peritraumatic psychological reactions, asd, and ptsd severity: a 6-month prospective study","",14257,0,0
"414","","",14280,0,0
"415","high hopes","",274,0,0
"416","children and disasters and terrorism","",14363,0,0
"417","","",14362,0,0
"418","the expansion of the field of research on ayahuasca: some reflections about the ayahuasca track at the 2010 maps "" psychedelic science in the 21st century"" conference","",990,0,0
"419","reported rapes at a hospital rape centre: demographic and clinical profiles","",9555,0,0
"420","incidence and associations of parental and child posttraumatic stress symptoms in pedi- atric patients","",14858,0,0
"421","lifetime sexual and physical victimization among male veterans with combat-related post-traumatic stress disorder","",14114,0,0
"422","psychiatric diagnoses in historic and contemporary military cohorts: combat deployment and the healthy warrior effect","",14386,0,0
"423","epidemiology and impact of scarring after burn injury: a systematic review of the literature","",14699,0,0
"424","risk, vulnerability, resistance, and resilience: towards an integrative conceptualization of posttraumatic adaptation","",14387,0,0
"425","do adverse childhood experiences increase the risk of postdeployment posttraumatic stress disorder in us marines?","",14388,0,0
"426","smallpox vaccination: comparison of self-reported and electronic vaccine records in the millennium cohort study","",14204,0,0
"427","baseline self reported functional health and vulnerability to post-traumatic stress disorder after combat deployment","",14258,0,0
"428","a multidimensional approach for evaluating variables in organizational research and practice","",14389,0,0
"429","offspring psy- chological and biological correlates of parental posttrau- matic stress: review of the literature and research agenda","",14859,0,0
"430","","",14390,0,0
"431","relations among peritraumatic dissociation and posttraumatic stress: a meta-analysis","",14688,0,0
"432","harry potter's headaches [4]","",3077,0,0
"433","reliability and validity of the korean version of the impact of event scale-revised","",14886,0,0
"434","assessing nonresponse bias at follow-up in a large prospective cohort of relatively young and mobile military service members","",14833,0,0
"435","","",14259,0,0
"436","ptsd in service members and new veterans of the iraq and afghanistan wars: a bibliography and critique","",14179,0,0
"437","testing the number of components in a normal mixture","",14140,0,0
"438","the structure of negative emotional states: comparison of the depression anxiety stress scales (dass) with the beck depression and anxiety inventories","",14755,0,0
"439","the general self- efficacy scale: multicultural validation studies","",14887,0,0
"440","measurement properties of the neck disability index: a systematic review","",14669,0,0
"441","social acknowledgment as a victim or survivor: a scale to measure a recovery factor of ptsd","",14888,0,0
"442","psychiatric morbidity and comorbidity following accidental man-made traumatic events: incidence and risk factors","",14682,0,0
"443","the prevalence of ptsd across war eras and the effect of deployment on ptsd: a systematic review and meta-analysis","",14171,0,0
"444","routine work environment stress and ptsd symptoms in police officers","",14282,0,0
"445","effect of dha supplementation during pregnancy on maternal depression and neurodevelopment of young children: a randomized controlled trial","",14587,0,0
"446","resilience and other reactions to military deployment: the complex task of identifying distinct adjustment trajectories","",12707,1,0
"447","resilience in the face of potential trauma: clinical practices and illustrations","",14283,0,0
"448","resilience to potential trauma: toward a lifespan approach","",14391,0,0
"449","stepping off the hedonic treadmill: individual differences in response to major life events","",14186,0,0
"450","treatment of posttraumatic stress disorder by exposure and/or cognitive restructuring: a controlled study","",14718,0,0
"451","the peritraumatic dissociative experiences questionnaire","",14284,0,0
"452","the peritraumatic dissociative experiences questionnaire","",14392,0,0
"453","peritraumatic dissociation and posttraumatic stress in male vietnam theater veterans","",14393,0,0
"454","reactive aggression and posttraumatic stress in adolescents affected by hurricane katrina","",14588,0,0
"455","marital status, life stressor precipitants, and communications of distress and suicide intent in a sample of united states air force suicide decedents","",14834,0,0
"456","psychological trajectories after intraoperative awareness with explicit recall","",266,0,0
"457","resilience and development: contributions from the study of children who overcome adversity","",14416,0,0
"458","psychiatry of whiplash neck injury","",14670,0,0
"459","long-term outcome of motor vehicle accident injury","",14456,0,0
"460","posttraumatic stress disorder after motor vehicle accidents: 3-year follow-up of a prospective longitudinal study","",14701,0,0
"461","latent growth curves within developmental structural equation models","",14394,0,0
"462","growth curve analysis in contemporary psychological research","",14439,0,0
"463","expanding test-retest designs to include developmental time-lag components","",14395,0,0
"464","post-traumatic stress diagnostic scale (pds)","",14671,0,0
"465","trait dissociation predicts posttraumatic stress disorder symptoms in a prospective study of urban police officers","",14285,0,0
"466","alexithymia and ptsd symptoms in urban police officers: cross-sectional and prospective findings","",14286,0,0
"467","family functioning and overprotec- tion following a natural disaster: the longitudinal effects of post-traumatic morbidity","",14860,0,0
"468","managing the psychiatric morbidity of disasters","",14702,0,0
"469","the duration of deployment and sensitization to stress","",13922,0,0
"470","psychiatric morbidity following a natural disaster: an australian bushfire","",14795,0,0
"471","resilience, vulnerability, and the course of posttraumatic reactions","",14611,0,0
"472","","",14141,0,0
"473","recovery from ptsd following hurricane katrina","",14589,0,0
"474","childhood adversity, adult stressful life events, and risk of past-year psychiatric disorder: a test of the stress sensitization hypothesis in a population-based sample of adults","",14111,0,0
"475","prewar, war-zone, and postwar predictors of posttraumatic stress in female vietnam veteran health care providers","",14260,0,0
"476","","",14708,0,0
"477","the course of mental health disorders after a disaster: predictors and comorbidity","",14796,0,0
"478","principles and neurobiological correlates of concentrative, diffuse, and insight meditation","",451,0,0
"479","diagnostic, demographic, memory quality, and cognitive variables associated with acute stress disorder in children and adolescents","",14861,0,0
"480","the posttraumatic stress disorder diagnosis in preschool- and elementary school-age children exposed to motor vehicle accidents","",14862,0,0
"481","acute stress disorder and posttraumatic stress disorder in children and adolescents involved in assaults or motor vehicle accidents","",14915,0,0
"482","childhood abuse and sexual revictimization in a female navy recruit sample","",14457,0,0
"483","posttraumatic stress disorder in injured adults: etiology by path analysis","",14818,0,0
"484","attachment bases of emotion regulation and posttraumatic adjustment","",14549,0,0
"485","war exposure, daily stressors, and mental health in conflict and post-conflict settings: bridging the divide between trauma-focused and psychosocial frameworks","",14747,0,0
"486","longitudinal assessment of mental health problems among active and reserve component soldiers returning fromthe iraq war","",14727,0,0
"487","post-traumatic stress disorder in an emergency department population one year after hurricane katrina","",14590,0,0
"488","ptsd symptoms of mothers following occurrence of a disaster affecting their children","",14591,0,0
"489","the harvard trauma questionnaire: validating a cross-cultural instrument for measuring torture, trauma, and posttraumatic stress disorder in indochinese refugees","",14142,0,0
"490","research on psychedelics moves into the mainstream","",3052,0,0
"491","case records of department of medicine university of mississippi medical center. systemic lupus erythematosus","",3275,0,0
"492","impact of event scale-revised","",4244,0,0
"493","measuring and maximizing coverage in the world trade center health registry","",14819,0,0
"494","alternative projections of mortality and disability by cause 1990-2020: global burden of disease study","",14757,0,0
"495","latent variable mixture modeling","",14289,0,0
"496","second-generation structural equation modeling with a combination of categorical and continuous latent variables: new opportunities for latent class/latent growth modeling","",14299,0,0
"497","statistical and substantive checking in growth mixture modeling: comment on bauer and curran (2003)","",14194,0,0
"498","latent variable analysis: growth mixture modeling and related techniques for longitudinal data","",14184,0,0
"499","growth mixture modeling: analysis with non-gaussian random effects","",14592,0,0
"500","general growth mixture modeling for randomized preventive interventions","",14458,0,0
"501","on structural equation modeling with data that are not missing completely at random","",14287,0,0
"502","finite mixture modeling with mixture outcomes using the em algorithm","",14143,0,0
"503","analysis of longitudinal data using latent variable models with varying parameters","",14288,0,0
"504","integrating person-centered and variable-centered analyses: growth mixture modeling with latent trajectory classes","",14145,0,0
"505","","",14144,0,0
"506","mplus: statistical analysis with latent variables; users guide","",14396,0,0
"507","trajectories of boys' physical aggression, opposition, and hyperactivity on the path to physically violent and nonviolent juvenile delinquency","",14835,0,0
"508","analyzing developmental trajectories: a semiparametric, group-based approach","",14146,0,0
"509","","",14820,0,0
"510","age, criminal careers, and population heterogeneity: specification and estimation of a nonparametric, mixed poisson model","",14173,0,0
"511","group-based trajectory modeling (nearly) two decades later","",13937,0,0
"512","patterns and predictors of trajectories of depression after an urban disaster","",14836,0,0
"513","the historic origins of military and veteran mental health stigma and the stress injury model as a means to reduce it","",14398,0,0
"514","consensus recommendations for common data elements for operational stress research and surveillance: report of a federal interagency working group","",14399,0,0
"515","review of va/dod clinical practice guideline on management of acute stress and interventions to prevent posttraumatic stress disorder","",14400,0,0
"516","parsimonious pharmacotherapy","",957,0,0
"517","beyond categorical classifications: the importance of identifying posttrauma symptom trajectories and associated negative outcomes","",12777,1,0
"518","post-tsunami stress: a study of posttraumatic stress disorder in children living in three severely affected regions in sri lanka","",14612,0,0
"519","psychological trauma and evidence for enhanced vulnerability for posttraumatic stress disorder through previous trauma among west nile refugees","",14174,0,0
"520","apa's resilience initiative","",14632,0,0
"521","heterogeneity in the response to rheumatoid arthritis (ra): the challenge of accounting for individual variability in the face of chronic disease","",13943,0,0
"522","","",14582,0,0
"523","group-based trajectory analysis applications for prognostic biomarker model development in severe tbi: a practical example","",14863,0,0
"524","conditioned fear extinction and reinstatement in a human fear-potentiated startle paradigm","",14773,0,0
"525","community resilience and the principles of mass trauma intervention","",14433,0,0
"526","standardized self-report measures of civilian trauma and ptsd","",14821,0,0
"527","postdisaster ptsd over four waves of a panel study of mexico's 1999 flood","",14797,0,0
"528","prior experience as a moderator of disaster impact on anxiety symptoms in older adults","",14510,0,0
"529","community resilience and the principles of mass trauma intervention","",14748,0,0
"530","chronic stress as a mediator of acute stress: the case of hurricane hugo","",14514,0,0
"531","the course of ptsd, major depression, substance abuse, and somatization after a natural disaster","",14799,0,0
"532","psychosocial adjustment of directly exposed survivors 7 years after the oklahoma city bombing","",14800,0,0
"533","original research: trauma exposure and posttraumatic stress disorder among employees of new york city companies affected by the september 11, 2001 attacks on the world trade center","",14801,0,0
"534","re-examining the role of the traumatic stressor and the trajectory of posttraumatic distress in the wake of disaster","",900,1,0
"535","deciding on the number of classes in latent class analysis and growth mixture modeling: a monte carlo simulation study","",14195,0,0
"536","posttraumatic disorders following injury: an empirical and methodological review","",14672,0,0
"537","posttraumatic stress disorder and depression following trauma: understanding comorbidity","",14231,0,0
"538","gender differences in posttraumatic stress disorder","",14698,0,0
"539","posttraumatic stress symptoms in children after hurricane katrina: predicting the need for mental health services","",14613,0,0
"540","predictors of posttraumatic stress disorder and symptoms in adults: a meta-analysis","",14105,0,0
"541","the psychological impact of the israel-hezbollah war on jews and arabs in israel: the impact of risk and resilience factors","",14749,0,0
"542","conflict, violence, and health: setting a new interdisciplinary agenda","",14557,0,0
"543","displacement, gender, and the challenges of parenting after hurricane katrina","",14593,0,0
"544","ptsd symptom cluster associations with alcohol use and physical health status in a population of veterans exposed to psychological trauma","",12269,0,0
"545","posttraumatic stress disorder and family functioning in adolescent cancer","",14916,0,0
"546","evaluation of two web-based alcohol interventions in the u.s. military","",14837,0,0
"547","the childrenâ€™s revised impact of event scale (cries): validity as a screening instrument for ptsd","",14917,0,0
"548","the anxiety sensitivity index: construct validity and factor analytic structure","",14864,0,0
"549","general growth mixture analysis with antecedents and consequences of change","",14594,0,0
"550","psychosocial predictors of distress in parents of children undergoing stem cell or bone marrow transplantation","",14918,0,0
"551","adaptive style and symptoms of posttraumaitc stress in children with cancer and their parents","",14919,0,0
"552","cognitive-behavioral coping strategies associated with combat-related ptsd in treatment-seeking oef-oif veterans","",14401,0,0
"553","psychosocial buffers of traumatic stress, depressive symptoms, and psychosocial difficulties in veterans of operations enduring freedom and iraqi freedom: the role of resilience, unit support, and postdeployment social support","",14098,0,0
"554","resilience in the fact of disaster: prevalence and longitudinal course of mental disorders following hurricane ike","",14595,1,0
"555","profile of two cohorts: uk and us prospective studies of military health","",641,1,0
"556","post traumatic stress disorder in children after tsunami disaster in thailand: 2 years follow-up","",14802,0,0
"557","whiplash following rear end collisions: a prospective cohort study","",14673,0,0
"558","posttraumatic stress disorder in sexually abused school-age children: exploring the avoidance cluster from a developmental perspective","",12270,0,0
"559","factors influencing outcome following mild traumatic brain injury in adults","",14652,0,0
"560","a longitudinal and retrospective study of ptsd among older prisoners of war","",14147,0,0
"561","trajectories of ptsd symptoms and predictive factors of trajectory membership: a step toward identifying veterans at risk","",6129,1,0
"562","sensitization and kindling: implications for the evolving neural substrate of ptsd","",14774,0,0
"563","","",14696,0,0
"564","validation of lay-administered mental health assessments in a large army national guard cohort","",14838,0,0
"565","children's coping assistance: how parents, teachers, and friends help children cope after a natural disaster","",14614,0,0
"566","","",14758,0,0
"567","resiliency in conditions of war and military violence: preconditions and developmental processes","",14574,0,0
"568","the role of peritraumatic dissociation and gender in the association between trauma and mental health in a palestinian community sample","",14750,0,0
"569","","",14596,0,0
"570","severity of injury does not have any impact on posttraumatic stress symptoms in severely injured patients","",14620,0,0
"571","the ces-d scale: a self-report depression scale for research in the general population","",14232,0,0
"572","bayesian model selection in social re- search","",14865,0,0
"573","lessons from the 2004 asian tsunami: epidemiological and nosological debates in the diagnosis of post-traumatic stress disorder in non-western post-disaster communities","",14535,0,0
"574","an empirical pooling approach for estimating marketing mix elasticities with pims data","",14148,0,0
"575","disparate prevalence estimates of ptsd among service members who served in iraq and afghanistan: possible explanations","",14839,0,0
"576","neurocircuitry models of posttraumatic stress disorder and extinction: human neuroimaging research-past, present, and future","",14770,0,0
"577","mental health of iraqi children","",14573,0,0
"578","","",14434,0,0
"579","lessons learned about psychosocial responses to disaster and mass trauma: an international perspective","",14889,0,0
"580","anxiety sensitivity, anxiety frequency and the pre- diction of fearfulness","",14866,0,0
"581","trajectories of life satisfaction in the first 5 years following traumatic brain injury","",14631,0,0
"582","acute post-rape plasma cortisol, alcohol use, and ptsd symptom profile among recent rape victims","",6583,0,0
"583","","",14331,0,0
"584","post-traumatic stress symptoms 5 years after military deployment to afghanistan","",13972,0,0
"585","prevalence estimates of combat-related post-traumatic stress disorder: critical review","",14198,0,0
"586","violent communities, family choices, and children's chances: an algorithm for improving the odds","",14597,0,0
"587","use of generic versus region-specific functional status measures on patients with cervical spine disorders","",14674,0,0
"588","millennium cohort: the 2001-2003 baseline prevalence of mental disorders in the u.s. military","",14205,0,0
"589","a prospective examination of symptoms of posttraumatic stress disorder in victims of nonsexual assault","",14149,0,0
"590","mixture or homogeneous? comment on bauer and curran (2003)","",14150,0,0
"591","posttraumatic stress disorder in mothers of chil- dren and adolescents with burns","",14867,0,0
"592","pervasive trauma exposure among us sexual orientation minority adults and risk of posttraumatic stress disorder","",14709,0,0
"593","multiple session early psychological intervention to prevent and treat post-traumatic stress disorder","",14310,0,0
"594","","",14481,0,0
"595","ptsd index: preliminary psychometric analyses of child and parent versions","",14615,0,0
"596","psychological debriefing for preventing post traumatic stress disorder (ptsd)","",14301,0,0
"597","","",14459,0,0
"598","a psychological profile of elian gonzalez","",268,0,0
"599","a prospective examination of post-traumatic stress disorder in rape victims","",14151,0,0
"600","family and individual factors associated with substance involvement and pts symptoms among adolescents in greater new orleans after hurricane katrina","",14616,0,0
"601","selecting the appropriate psychotherapies for individuals with traumatic brain injury: what works and what does not?","",14654,0,0
"602","distress reactions and earthquake-related cognitions of parents and their adolescent children in a victimized population","",14598,0,0
"603","millennium cohort: enrollment begins a 21-year contribution to understanding the impact of military service","",14181,0,0
"604","emotion regulation in relation to social functioning: an investigation of child self-reports","",14568,0,0
"605","a systematic review of ptsd prevalence and trajectories in dsm-5 defined trauma exposed populations: intentional and non-intentional traumatic events","",14890,0,0
"606","shortening the ces-d to improve its ability to detect cases of depression","",14261,0,0
"607","adverse childhood experiences in relation to mood and anxiety disorders in a population-based sample of active military personnel","",14110,0,0
"608","a longitudinal comparison of posttraumatic stress disorder and depression among military service components","",14841,1,0
"609","surviving the icu does not mean that the war is over","",450,0,0
"610","best practices for missing data management in counseling psychology","",14402,0,0
"611","coping style use predicts posttraumatic stress and complicated grief symptom severity among college students reporting a traumatic loss","",14403,0,0
"612","cognitive behavioral therapy for posttraumatic stress disorder in women: a randomized controlled trial","",14404,0,0
"613","incidence and prediction of posttraumatic stress disorder symptoms in severely injured accident victims","",14152,0,0
"614","prognostic factors of whiplash-associated disorders: a systematic review of prospective cohort studies","",14675,0,0
"615","advances in the treatment of headache","",3577,0,0
"616","end-of-life care and the effects of bereavement on family caregivers of persons with dementia","",14202,0,0
"617","estimating the dimension of a model","",14153,0,0
"618","the assessment of optimistic self-beliefs: comparison of the chinese, indonesian, japanese and korean versions of the general self-efficacy scale","",14891,0,0
"619","application of model-selection criteria to some problems in multivariate analysis","",14154,0,0
"620","trends and risk factors for mental health diagnoses among iraq and afghanistan veterans using department of veterans affairs health care, 2002-2008","",14842,0,0
"621","children and disasters: understanding impact and enabling agency","",14366,0,0
"622","the association between childhood physical and sexual abuse and functioning and psychiatric symptoms in a sample of u.s. army soldiers","",14112,0,0
"623","impact of age on long-term cognitive function after traumatic brain injury","",14642,0,0
"624","shaping the renaissance of psychedelic research","",689,0,0
"625","turn on and tune in to evidence-based psychedelic research","",12919,0,0
"626","prevention of posttraumatic stress disorder by early treatment: results from the jerusalem trauma outreach and prevention study","",14710,0,0
"627","barriers to receiving early care for ptsd: results from the jerusalem trauma outreach and prevention study","",14712,0,0
"628","prospective study of posttraumatic stress disorder and depression following trauma","",14460,0,0
"629","auditory startle response in trauma survivors with posttraumatic stress disorder: a prospective study","",14776,0,0
"630","predictors of ptsd in injured trauma survivors: a prospective study","",14233,0,0
"631","bootstrap for imputed survey data","",14405,0,0
"632","coping with gulf war combat stress: mediating and moderating effects","",14406,0,0
"633","the mini-international neuropsychiatric interview (m.i.n.i.): the development and validation of a structured diagnostic psychiatric interview for dsm-iv and icd-10","",14763,0,0
"634","early cognitive status and productivity outcome after traumatic brain injury: findings from the tbi model systems","",14653,0,0
"635","intraclass correlations: uses in assessing rater reliability","",14407,0,0
"636","depressive symptoms and psychological distress during the first five years after traumatic brain injury: relationship with psychosocial stressors, fatigue and pain","",14627,0,0
"637","stress sensitization following a disaster: a prospective study","",14772,0,0
"638","anthrax vaccination in the millennium cohort. validation and measures of health","",14208,0,0
"639","cigarette smoking and military deployment. a prospective evaluation","",14193,0,0
"640","when epidemiology meets the internet: web-based surveys in the millennium cohort study","",14207,0,0
"641","anxiety and alcohol use disorders: comorbidity and treatment considerations","",14843,0,0
"642","","",14408,0,0
"643","war exposure and maternal reactions in the psychological adjustment of children from bosnia-hercegovina","",14599,0,0
"644","new onset and persistent symptoms of post-traumatic stress disorder self reported after deployment and combat exposures: prospective population based us military cohort study","",14175,0,0
"645","reliability of standard health assessment instruments in a large, population-based cohort study","",14206,0,0
"646","prior assault and posttraumatic stress disorder after combat deployment","",14176,0,0
"647","aftermaths of combat stress reactions: a three-year study","",14155,0,0
"648","coping, locus of control, social support, and combat-related posttraumatic stress disorder: a prospective study","",14409,0,0
"649","locus of control and combat-related post-traumatic stress disorder: the intervening role of battle intensity, threat appraisal and coping","",14410,0,0
"650","resilience definitions, theory, and challenges: interdisciplinary perspectives","",14892,0,0
"651","social sharing of gulf war experiences: association with trauma-related psychological symptoms","",14893,0,0
"652","trauma-related symptoms in veterans of operation desert storm: a 2-year follow-up","",14461,0,0
"653","the moderating effects of maternal psychopathology on children's adjustment post-hurricane katrina","",14600,0,0
"654","","",14234,0,0
"655","scientific monograph of the quebec task force on whiplash-associated disorders: redefining ""whiplash"" and its management","",14676,0,0
"656","patterns of maternal distress among children with cancer and their association with child emotional and somatic distress","",14921,0,0
"657","what is the typical response to sexual assault?","",14411,0,0
"658","dysfunctional meaning of posttraumatic intrusions in chronic ptsd","",14869,0,0
"659","full and partial posttraumatic stress disorder: findings from a community survey","",14235,0,0
"660","physiotherapy management of whiplash-associated disorders (wad)","",14023,0,0
"661","physical and psychological factors predict outcome following whiplash injury","",14677,0,0
"662","a systematic review of resilience in the physically ill","",14629,0,0
"663","measuring intrafamily conflict and violence: the conflict tactics (ct) scales","",14262,0,0
"664","post-traumatic stress disorder symptoms among gulf war veterans","",14462,0,0
"665","recovery from mild traumatic brain injury: a focus on fatigue","",14649,0,0
"666","a prospective study on paediatric traffic injuries: health-related quality of life and post-traumatic stress","",14922,0,0
"667","impact of event scale: psychometric properties","",14923,0,0
"668","ptsd after deployment to iraq: conflicting rates, conflicting claims","",14199,0,0
"669","war zone stress, personal resources, and ptsd in persian gulf war returnees","",14412,0,0
"670","psychometric properties of the impact of event scale-revised in patients one year after burn injury","",14636,0,0
"671","coping with missing data","",14263,0,0
"672","pediatric adverse childhood experiences: implications for life course health trajectories","",12966,0,0
"673","depressive symptoms among firefighters and related factors after the response to hurricane katrina","",14894,0,0
"674","ptsd and tbi co-morbidity: scope, clinical presentation and treatment options","",14655,0,0
"675","","",14840,0,0
"676","influences on first-year recovery from traumatic brain injury in children","",14924,0,0
"677","identifying trajectories of depressive symptoms for women caring for their husbands with dementia","",14678,0,0
"678","assessment of coma and impaired consciousness. a practical scale","",14621,0,0
"679","the international humanitarian system and the 2004 indian ocean earthquake and tsunamis","",14803,0,0
"680","","",14264,0,0
"681","the tents guidelines for psychosocial care following disasters and majorincidents","",14581,0,0
"682","prevalence and co-morbidity of psychiatric disorders 1-4 years after burn","",14684,0,0
"683","assessing the 'true' effect of active antidepressant therapy v. placebo in major depressive disorder: use of a mixture model","",14714,0,0
"684","evidence based approach to the emergent issues in asia, fieldwork at yogyakarta","",14895,0,0
"685","prevalence of mental health problems and functional impairment among active component and national guard soldiers 3 and 12 months following combat in iraq","",14844,0,0
"686","the impact of disaster work on community volunteers: the role of peri-traumatic distress, level of personal affectedness, sleep quality and resource loss, on post-traumatic stress disorder symptoms and subjective health","",14896,0,0
"687","the mental health impact of volunteering in a disaster setting: a review","",14897,0,0
"688","the relationship of peritraumatic dissociation and posttraumatic stress: findings in female vietnam theater veterans","",14413,0,0
"689","cognitive and physiological antecedents of threat and challenge appraisal","",14236,0,0
"690","determining the relative importance of predictors in logistic regression: an extension of relative weight analysis","",14414,0,0
"691","early and delayed onset of response to antidepressants in individual trajectories of change during treatment of major depression: a secondary analysis of data from the genome-based therapeutic drugs for depression (gendep) study","",14726,0,0
"692","acute and chronic posttraumatic stress disorder in motor vehicle accident victims","",14463,0,0
"693","posttraumatic stress disorder and identification in disaster workers","",14822,0,0
"694","latent growth mixture models to estimate ptsd trajectories","",13005,0,0
"695","analyzing small data sets using bayesian estimation: the case of posttraumatic stress symptoms following mechanical ventilation in burn survivors","",14928,0,0
"696","relations among peritraumatic dissociation and posttraumatic stress: a critical review","",14687,0,0
"697","pierre janet and the breakdown of adaptation in psychological trauma","",14290,0,0
"698","predictors of chronic posttraumatic stress symptoms following burn injury: results of a longitudinal study","",14692,0,0
"699","neuropsychological outcomes of army personnel following deployment to the iraq war","",14756,0,0
"700","ptsd symptom increases in iraq-deployed soldiers: comparison with nondeployed soldiers and associations with baseline symptoms, deployment experiences, and postdeployment stress","",14177,0,0
"701","predeployment, deployment, and postdeployment risk factors for posttraumatic stress symptomatology in female and male oef/oif veterans","",14099,0,0
"702","cohort profile: the study of health in pomerania","",4193,0,0
"703","cohort profile: the study of health in pomerania","",976,0,0
"704","looking beyond the physical injury: posttraumatic stress disorder in children and parents after pediatric traffic in- jury","",14870,0,0
"705","sixteen-item anxiety sensitivity index confirmatory factor analytic evidence, in- ternal consistency, and construct validity in a young adult sample from the netherlands","",14871,0,0
"706","alpha1-adrenergic receptor antagonists use in treatment and prevention of psychiatric disorders: a review","",13025,0,0
"707","militã¦rmedicinske erfaringer fra krigen mod terror","",14058,0,0
"708","the mos 36-item short-form health survey (sf-36): i. conceptual framework and item selection","",14190,0,0
"709","the association of posttraumatic stress disorder and quality of life during the first year after acute coronary syndrome","",14059,0,0
"710","","",14292,0,0
"711","","",14189,0,0
"712","pcl-s for dsm-iv, national center for ptsd-behavioral science division","",14823,0,0
"713","clinician-administered ptsd scale: a review of the first ten years of research","",14761,0,0
"714","the ptsd checklist (pcl): reliability, validity, and diagnostic utility","",14265,0,0
"715","the ptsd checklist (pcl). (available from the national center for ptsd. va medical center. 215 north main st. white river junction. vt 05009-0001","",14291,0,0
"716","child and adolescent mental health research in the context of hurricane katrina: an ecological needs-based perspective and introduction to the special section","",14617,0,0
"717","test anxiety prevention and intervention programs in schools: program development and rationale","",14601,0,0
"718","the impact of event scale-revised","",14804,0,0
"719","frequency and severity approaches to indexing exposure to trauma: the critical incident history questionnaire for police officers","",14293,0,0
"720","the impact of event scale-revised","",14635,0,0
"721","the prevalence of lifetime and partial post-traumatic stress disorder in vietnam theater veterans","",14294,0,0
"722","the cafã© fire on new year's eve in volendam, the netherlands: description of events","",14691,0,0
"723","a short form of the metacognitions questionnaire: properties of the mcq-30","",14872,0,0
"724","prior health care utilization as a potential determinant of enrollment in a 21-year prospective study, the millennium cohort study","",14209,0,0
"725","self-reported adverse health events following smallpox vaccination in a large prospective study of us military service members","",14210,0,0
"726","","",14415,0,0
"727","chronicity of psychological strain in occupational settings and the accuracy of the general health questionnaire","",14925,0,0
"728","cognitive-behavioral theory and preparation for professionals at risk for trauma exposure","",14197,0,0
"729","validity of the hospital anxiety and depression scale to assess depression and anxiety following traumatic brain injury as compared with the structured clinical interview for dsm-iv","",14640,0,0
"730","considering resilience in the rehabilitation of people with traumatic disabilities","",14633,0,0
"731","psychological distress and the impact of social support on fathers and mothers of pediatric cancer patients: long-term prospective results","",14926,0,0
"732","persistence of posttraumatic stress symptoms 12 and 36 months after acute coronary syndrome","",14898,0,0
"733","from concepts, theory, and evidence of heterogeneity of treatment effects to methodological approaches: a primer","",14713,0,0
"734","psychological distress of rescue workers eight and one-half years after professional involvement in the amsterdam air disaster","",14899,0,0
"735","reassessing war stress: exposure and the persian gulf war","",14464,0,0
"736","guest editorial - introduction to the special issue","",14070,0,0
"737","magnitude of life events and seriousness of illness","",14095,0,0
"738","a biopsychosocial deconstruction of ""personality change"" following acquired brain injury","",14659,0,0
"739","conflict between current knowledge about posttraumatic stress disorder and its original conceptual basis","",14097,0,0
"740","predicting the development of posttraumatic stress disorder from the acute response to a traumatic event","",14705,0,0
"741","symptoms of posttraumatic stress disorder in parents of transplant recipients: incidence, severity, and related factors","",14927,0,0
"742","prevalence and predictors of stress disorders following two earthquakes","",14537,0,0
"743","predicting posttraumatic distress in hospitalized trauma survivors with acute injuries","",14237,0,0
"744","posttraumatic stress disorder and functioning and quality of life outcomes in a nationally representative sample of male vietnam veterans","",14238,0,0
"745","multisite investigation of traumatic brain injuries, posttraumatic stress disorder, and self-reported health and cognitive impairments","",14622,0,0
"746","a nationwide us study of post-traumatic stress after hospitalization for physical injury","",14239,0,0
"747","risk factors of posttraumatic stress disorder among survivors after the 512 wenchuan earthquake in china","",14686,0,0
"748","the hospital anxiety and depression scale","",14639,0,0
"749","the multidimensional scale of perceived social support","",14106,0,0
"750","does ""subthreshold"" posttraumatic stress disorder have any clinical relevance?","",14768,0,0
"751","chronicity in posttraumatic stress disorder and predictors of the course of posttraumatic stress disorder among primary care patients","",14266,0,0
"752","posttraumatic stress disorder and other psychological sequelae among world trade center clean up and recovery workers","",14813,1,0
"753","posttraumatic stress disorder: etiology, epidemiology, and treatment outcome","",14815,0,0
"754","progress and controversy in the study of posttraumatic stress disorder","",14172,0,0
"755","acute post-rape plasma cortisol, alcohol use, and ptsd symptom profile among recent rape victims","",10778,0,0
